OBJECTID,OBJECTID_1,ID,Apr_2011,May_2011,Jun_2011,Jul_2011,Aug_2011,Sep_2011,Oct_2011,Nov_2011,Dec_2011,Jan_2012,Feb_2012,March_2012,Apr_2010,May_2010,Jun_2010,Jul_2010,Aug_2010,Sep_2010,Oct_2010,Nov_2010,Dec_2010,Jan_2011,Feb_2011,Mar_2011,Apr_2009,May_2009,Jun_2009,Jul_2009,Aug_2009,Sep_2009,Oct_2009,Nov_2009,Dec_2009,Jan_2010,Feb_2010,Mar_2010,sum_2011,sum_2010,sum_2009,total,X_Centroid,Y_Centroid,Pop_2011,Shape_Area
1,1,183,0,1,0,1,1,2,2,0,1,1,0,1,0,1,4,0,1,0,1,1,0,3,0,0,1,2,2,2,1,5,1,0,0,1,0,0,10,11,15,36,482904.6283,3980066.501,219921,1158145538
2,2,184,1,2,1,1,2,5,8,0,0,1,2,1,0,0,0,1,0,0,0,3,0,0,0,4,1,0,7,0,0,1,2,1,0,0,0,0,24,8,12,44,456143.0071,3972302.239,141160,586831944.4
3,3,149,1,1,1,1,1,1,2,2,2,1,2,1,2,2,2,1,2,1,1,1,1,3,2,1,2,1,2,3,1,2,2,1,1,1,1,1,16,19,18,53,261294.176,4238468.859,564365,2165746569
4,4,155,0,0,2,0,0,0,0,0,0,0,0,1,2,4,0,2,3,0,0,0,0,0,3,0,0,2,0,0,1,1,3,0,0,0,0,2,3,14,9,26,239103.7786,4358876.55,53768,1795040993
5,5,152,0,2,0,0,0,0,0,0,0,0,0,0,0,1,1,0,2,1,1,0,0,0,0,0,2,3,9,5,0,0,0,1,0,1,0,0,2,6,21,29,282511.5589,4145032.38,92332,2794836698
6,6,156,0,1,0,0,0,0,0,0,1,0,0,0,0,1,0,0,0,0,0,0,0,0,0,0,0,3,4,0,0,2,0,0,0,0,1,0,2,1,10,13,259747.2588,4177760.881,26198,1279740881
7,7,154,1,0,0,0,1,0,0,0,0,0,0,0,0,1,0,0,0,0,0,0,0,0,0,0,1,0,0,0,0,0,0,0,0,0,0,0,2,1,1,4,278802.8516,4252156.228,61333,946475490.3
8,8,157,7,3,5,4,1,4,0,0,2,0,2,3,5,4,5,4,5,3,2,2,1,2,2,3,2,2,2,0,2,4,0,0,1,0,3,10,31,38,26,95,245923.8434,4208768.143,23656,1224284294
9,9,150,8,13,10,10,8,5,2,6,5,4,3,4,8,15,16,9,2,3,0,7,5,1,4,3,9,14,13,7,3,8,4,7,4,3,3,1,78,73,76,227,219022.9333,4374401.098,173182,1423505763
10,10,153,1,7,3,1,2,3,3,3,2,3,0,1,1,10,0,0,1,1,2,3,4,3,1,3,1,0,0,1,0,2,1,0,0,1,1,1,29,29,8,66,229834.711,4325009.17,84267,2017331992
11,11,194,0,0,0,0,0,0,0,0,0,0,1,0,0,0,0,0,0,0,1,0,1,0,0,0,0,0,2,0,0,0,0,0,1,0,0,0,1,2,3,6,494131.0042,3217061.064,258906,1321188244
12,12,199,0,0,0,0,0,1,1,0,0,0,0,0,0,0,0,0,0,0,0,0,0,0,0,0,1,1,0,0,0,0,0,0,0,0,0,0,2,0,2,4,524517.2367,3187042.979,70282,1908976902
13,13,201,0,0,0,0,0,0,0,0,0,0,0,1,0,0,0,0,1,0,0,0,0,0,0,0,0,1,0,0,0,0,0,0,0,0,0,0,1,1,1,3,621743.3567,3090887.78,51446,1348572708
14,14,195,3,1,2,0,1,0,0,0,0,6,0,1,1,0,0,0,0,0,0,0,0,0,0,2,0,0,0,0,0,0,0,0,0,4,0,0,14,3,4,21,534074.7753,3234850.033,229897,6285698027
15,15,198,1,0,1,0,1,0,0,0,0,1,0,0,0,0,1,0,0,0,0,0,0,0,0,1,0,0,0,0,0,0,0,0,1,0,0,0,4,2,1,7,561308.2779,3145988.937,77530,4906089611
16,16,200,0,0,0,0,0,0,0,0,1,0,0,0,0,0,0,0,0,0,0,0,0,0,0,0,0,2,2,0,0,0,0,0,0,0,0,0,1,0,4,5,566864.0989,3099824.455,52523,2307131505
17,17,196,0,1,0,0,0,0,0,0,0,0,0,0,0,0,0,0,0,0,0,0,0,0,0,0,0,0,0,0,0,0,0,0,0,0,0,0,1,0,0,1,649905.0139,3050549.455,170774,1205673595
18,18,197,0,0,0,1,0,0,0,0,0,0,0,0,0,0,0,0,0,0,0,0,1,0,1,0,2,0,0,0,0,0,0,1,0,0,0,0,1,2,3,6,464150.869,3276955.885,90493,1760084530
19,19,222,0,0,1,4,2,8,0,0,0,0,0,0,0,0,0,0,1,2,1,0,0,1,0,1,0,0,1,1,1,0,1,1,0,0,1,0,15,6,6,27,448739.1317,3530478.293,53514,1866311150
20,20,219,1,2,3,4,0,1,2,8,1,5,1,4,1,2,0,1,0,1,0,0,0,0,1,0,1,4,2,2,1,0,0,0,1,1,0,1,32,6,13,51,514398.0389,3525498.368,118681,2513356213
21,21,217,2,12,9,4,9,5,6,1,6,3,3,8,1,0,5,9,4,4,3,7,6,1,3,1,1,2,2,4,1,4,2,3,0,4,3,2,68,44,28,140,476988.6964,3588324.062,340382,2933057063
22,22,220,0,0,0,4,3,1,0,0,0,2,0,0,0,1,1,0,0,0,0,0,0,0,2,1,1,0,1,0,1,2,0,0,0,0,0,0,10,5,5,20,458843.6147,3565691.87,93941,557925743.6
23,23,223,2,4,38,22,22,11,7,3,1,1,2,1,2,10,13,14,4,11,5,4,0,0,0,7,2,2,12,2,0,7,2,0,1,1,2,1,114,70,32,216,409357.3887,3587442.847,35915,3701387187
24,24,221,0,1,0,2,1,0,0,0,0,0,0,0,0,0,1,0,0,1,0,0,0,0,0,1,0,0,0,0,0,0,2,2,0,1,0,3,4,3,8,15,481691.1869,3535454.267,58047,1508929841
25,25,218,0,1,2,1,1,1,0,0,1,1,0,5,0,2,3,0,0,0,0,2,0,1,1,0,0,0,3,0,0,0,1,1,2,0,5,1,13,9,13,35,489292.0115,3480823.549,194783,3247378687
26,26,326,8,12,21,14,21,20,7,8,3,4,2,2,9,10,14,11,13,26,11,8,6,8,2,5,4,7,13,17,4,10,13,3,3,2,4,2,122,123,82,327,636098.4179,3453968.459,98188,6835230891
27,27,341,0,2,4,1,0,0,0,1,3,0,1,0,3,1,2,1,1,3,3,2,2,0,0,0,1,3,4,4,1,2,0,1,1,1,2,2,12,18,22,52,730681.5901,3302645.417,41476,1438575793
28,28,332,2,1,0,3,2,0,0,0,3,2,2,0,1,0,1,2,0,2,1,1,0,0,2,1,3,4,2,1,2,1,2,0,1,1,1,0,15,11,18,44,792335.7686,3227791.395,66172,1994416679
29,29,327,6,9,18,8,12,13,5,7,5,6,2,4,5,5,10,6,9,16,5,1,5,1,2,4,7,11,26,11,1,3,1,2,3,0,0,2,95,69,67,231,640825.4627,3394061.46,93975,5956142793
30,30,337,0,0,9,5,8,3,4,1,2,3,1,0,1,0,3,5,2,1,4,2,2,0,0,0,2,6,10,7,3,5,0,0,0,0,0,0,36,20,33,89,756431.8485,3355357.89,48416,4696644263
31,31,336,0,3,1,1,3,6,0,5,1,5,1,2,0,4,2,4,3,4,5,3,4,3,1,4,3,6,7,2,0,4,3,0,1,1,0,0,28,37,27,92,704748.8337,3383726.652,50252,2701798604
32,32,342,0,1,1,0,2,4,2,0,1,1,2,1,0,1,1,2,4,0,1,2,0,2,0,1,2,3,1,2,0,0,0,0,0,0,19,1,15,14,28,57,703118.2109,3095451.292,41133,4436326759
33,33,322,2,2,0,2,3,1,2,1,3,4,1,2,10,6,2,0,4,3,1,5,3,1,0,0,0,5,8,3,0,6,2,2,0,1,1,3,23,35,31,89,881594.6976,3162086.991,189345,6560320723
34,34,331,2,3,0,0,3,2,0,0,4,3,2,1,6,0,1,3,0,3,3,2,0,1,1,0,1,3,3,5,0,2,1,0,2,0,0,1,20,20,18,58,840829.1952,3134207.877,69438,4581253052
35,35,328,1,3,3,2,5,4,1,0,3,1,1,1,1,2,9,3,1,2,2,0,1,1,0,0,5,0,8,0,2,3,5,1,0,0,0,0,25,22,24,71,608366.3741,3338194.813,89956,2839061109
36,36,340,5,1,3,1,8,2,2,4,9,3,9,14,1,2,4,1,1,1,1,0,1,1,2,2,1,0,0,0,0,0,0,0,1,0,2,1,61,17,5,83,618159.7421,3166830.466,42760,4855955796
37,37,323,2,6,7,3,3,6,4,4,2,2,4,6,2,7,1,1,2,6,2,1,3,0,1,3,3,8,6,2,4,2,3,0,2,1,1,1,49,29,33,111,652286.4357,3197676.473,119721,3559302163
38,38,318,3,2,2,0,1,3,0,0,1,1,1,0,2,2,3,0,2,2,4,0,0,1,0,1,5,8,2,1,1,10,2,2,1,1,0,4,14,17,37,68,569145.1121,3265898.626,254704,4064445363
39,39,319,10,7,1,2,1,1,3,12,0,6,1,1,2,1,3,0,2,0,3,0,0,4,0,3,0,2,1,1,1,2,0,0,3,2,1,1,45,18,14,77,832848.8586,3081577.398,226628,14155400793
40,40,329,0,0,0,1,1,0,0,1,0,0,0,2,0,0,1,0,0,0,0,0,0,0,0,0,0,1,1,1,0,0,0,0,1,0,0,2,5,1,6,12,732173.4938,3033516.289,83916,3857949031
41,41,317,0,5,3,7,9,11,2,3,4,2,4,4,0,3,4,11,7,6,4,1,0,2,0,1,2,20,15,8,6,19,10,5,6,8,5,7,54,39,111,204,658420.3672,3331278.975,307429,3655863772
42,42,324,2,2,0,1,0,0,1,0,0,3,1,0,0,0,1,0,0,0,0,1,0,1,1,3,7,8,7,7,4,8,2,2,4,0,0,1,10,7,50,67,536209.0496,3320139.713,116386,5571610026
43,43,335,0,0,0,0,0,1,1,0,0,0,0,1,0,0,0,0,0,0,0,0,0,0,0,0,0,3,0,0,0,0,0,0,0,0,0,0,3,0,3,6,674117.1696,3057843.023,59727,1728688386
44,44,325,0,0,0,4,3,1,1,3,1,2,2,1,2,2,6,1,1,1,0,1,0,0,0,0,8,10,2,3,3,2,3,0,1,1,1,0,18,14,34,66,833354.5608,3250195.12,113750,10786994638
45,45,344,3,3,0,1,1,1,1,4,3,4,3,0,1,3,0,0,2,0,2,1,0,2,0,0,7,4,2,5,5,2,0,2,0,1,0,2,24,11,30,65,708213.1811,3335789.902,31504,1672641384
46,46,106,0,0,0,0,0,0,0,0,0,0,0,0,0,0,0,0,0,0,0,0,0,0,0,0,0,0,0,0,0,0,0,0,0,0,0,0,0,0,0,0,302724.9778,4247241.312,86757,430056236.2
47,47,103,0,0,0,0,0,0,0,0,0,0,0,0,0,0,0,0,0,0,0,0,0,0,0,0,0,0,0,0,0,0,0,0,0,0,0,0,0,0,0,0,410162.6537,4131967.507,105526,422306543.7
48,48,111,0,0,1,0,1,0,0,0,0,0,0,0,0,0,0,0,0,0,0,0,0,0,0,0,0,0,1,0,0,0,0,0,0,0,0,0,2,0,1,3,423223.6754,4091165.398,44261,406797665.1
49,49,96,0,0,1,0,0,0,1,0,0,0,0,1,2,0,0,0,0,0,1,1,0,0,0,1,0,0,0,0,0,0,0,2,3,0,0,0,3,5,5,13,383141.9415,4125913.117,918445,1216585103
50,50,104,0,0,1,0,2,1,0,0,0,0,0,0,1,0,0,1,2,0,0,1,0,1,0,1,0,0,0,0,0,0,0,0,0,0,0,0,4,7,0,11,376783.0072,4073369.314,100943,2517008830
51,51,99,2,1,6,2,0,0,2,1,1,0,0,2,0,0,1,4,0,4,2,0,2,0,2,1,0,3,3,3,0,1,0,1,1,0,0,0,17,16,12,45,439279.4058,4081564.917,144366,1355247304
52,52,110,0,0,0,0,0,0,0,0,0,0,0,0,0,0,0,0,0,0,0,0,0,0,0,0,0,0,0,0,0,0,0,0,0,0,0,0,0,0,0,0,402102.8649,4089111.164,47096,971726718
53,53,108,3,3,0,1,0,0,4,0,0,0,1,1,2,9,2,5,1,1,3,1,1,0,0,0,2,6,3,2,0,0,1,0,0,0,0,0,13,25,14,52,355489.5001,4105729.351,58543,599242573
54,54,102,1,0,0,1,0,0,0,1,1,0,0,0,0,0,0,0,0,0,0,0,0,1,0,0,0,0,0,0,0,0,0,0,0,0,0,0,4,1,0,5,349144.457,4135409.44,127757,587339568.4
55,55,105,0,2,2,7,2,0,2,0,0,1,0,0,0,0,2,0,3,0,4,0,0,0,2,0,6,4,0,0,1,0,0,0,0,0,0,0,16,11,11,38,334398.3918,4116388.605,93737,1002265486
56,56,98,0,0,0,0,0,0,1,0,1,0,0,0,0,0,0,0,0,0,0,0,0,0,0,0,0,0,0,0,0,0,0,0,0,0,0,0,2,0,0,2,414473.6343,4119715.548,168829,407661642.5
57,57,101,0,0,1,0,0,0,1,0,0,0,0,0,1,0,1,0,0,0,0,0,0,0,0,0,0,0,0,0,0,0,0,0,0,0,0,0,2,2,0,4,420826.886,4108634.075,137272,455280918.2
58,58,109,0,0,0,0,0,0,0,0,0,0,0,0,0,0,0,0,0,0,0,0,0,0,0,0,0,0,0,0,0,0,0,0,0,0,0,0,0,0,0,0,325455.6444,4141004.789,52496,464423280.6
59,59,87,3,2,3,0,0,0,0,0,1,0,0,2,0,0,2,2,2,4,2,4,0,3,0,3,1,1,2,0,3,1,1,1,1,0,3,0,11,22,14,47,886347.9467,4102355.351,91767,850991292.1
60,60,85,0,0,1,1,0,0,0,0,3,1,2,0,0,0,0,0,0,0,3,0,0,0,0,0,1,0,1,0,0,0,0,0,0,2,0,0,8,3,4,15,813247.7028,4118786.135,124185,1844086825
61,61,95,0,0,1,3,1,4,0,1,1,0,1,1,2,1,2,0,4,0,0,2,0,0,3,3,1,2,1,3,4,1,1,0,2,1,0,2,13,17,18,48,764595.8675,4069054.025,46315,242322044
62,62,88,5,2,4,0,3,2,0,0,0,0,0,2,0,0,5,2,3,5,4,7,3,1,0,0,2,3,0,4,0,2,3,0,2,4,0,0,18,30,20,68,864962.5408,4097789.3,85324,828936818.4
63,63,91,1,4,4,3,1,1,3,1,1,2,3,5,2,14,1,3,4,3,5,3,0,1,2,6,1,4,4,3,1,3,4,0,0,1,1,2,29,44,24,97,785776.6897,4064319.448,70224,856278953.1
64,64,86,0,0,0,1,1,0,0,0,0,0,1,1,0,0,5,0,0,0,1,0,3,0,0,0,0,5,4,1,0,1,2,0,2,0,2,4,4,9,21,34,904419.9207,4166299.77,110473,1869812715
65,65,89,2,3,3,2,1,2,0,0,2,0,0,1,4,4,5,1,3,13,8,2,3,4,2,2,2,4,3,5,4,4,1,2,0,3,3,7,16,51,38,105,896367.4564,4119236.368,78659,665701847.8
66,66,82,1,2,2,5,2,4,0,1,1,1,8,0,0,5,0,2,0,3,1,0,0,2,2,0,1,2,6,0,1,2,4,0,0,0,0,6,27,15,22,64,812968.6799,4072973.641,462455,1579778452
67,67,68,0,2,2,0,3,0,8,2,3,2,0,2,0,3,7,4,7,6,0,4,2,0,2,2,5,7,4,6,1,1,9,1,2,3,3,2,24,37,44,105,228072.0571,3852550.374,107006,1171983616
68,68,66,7,5,8,5,5,5,5,0,3,0,9,8,1,0,2,1,3,3,9,6,5,6,4,9,1,9,3,5,5,3,4,4,2,0,1,4,60,49,41,150,259249.1724,3874395.272,121590,1303429010
69,69,69,9,8,4,13,7,5,3,5,8,7,7,9,6,6,10,6,6,10,6,10,6,7,4,6,9,9,10,8,1,8,8,1,4,5,3,4,85,83,70,238,255176.6269,3825576.463,103786,1449082650
70,70,67,5,9,8,12,12,6,3,11,5,5,4,1,7,6,3,3,3,6,4,4,4,8,6,6,8,8,17,6,3,9,8,4,5,2,6,4,81,60,80,221,316045.9936,3922903.838,116437,2555494268
71,71,63,15,11,16,17,21,16,10,7,11,16,9,7,1,2,15,6,8,15,15,8,5,6,6,8,3,8,9,10,5,9,6,0,2,6,5,2,156,95,65,316,297021.7458,3800131.008,287982,3306672843
72,72,64,2,8,7,8,13,20,10,11,9,17,8,5,1,1,1,6,8,7,0,2,6,1,5,6,3,2,4,4,0,5,10,2,4,5,0,0,118,44,39,201,246057.1823,3790155.681,181711,1581103997
73,73,62,0,13,15,15,12,5,12,11,0,12,6,0,1,5,12,14,12,7,15,17,2,9,0,11,3,2,4,5,7,6,4,3,4,7,7,3,101,105,55,261,298760.9643,3855769.358,651821,2772667184
74,74,54,0,1,0,0,2,0,1,0,0,0,0,0,0,1,1,1,0,0,0,0,0,0,0,1,0,0,0,1,0,0,0,0,2,0,1,0,4,4,4,12,845692.7563,3012842.753,80119,5600904423
75,75,49,0,1,0,0,0,0,0,0,1,0,0,0,0,0,1,0,0,0,0,0,0,1,0,0,16,0,4,1,0,0,0,1,0,0,1,0,2,2,23,27,1017800.15,3056381.413,588288,10141447398
76,76,55,0,0,1,0,0,0,0,0,0,0,0,0,1,1,1,3,2,7,3,0,1,1,1,0,0,0,0,0,0,0,4,0,0,0,0,0,1,21,4,26,991779.1457,3133990.545,65889,9513473077
77,77,52,0,0,0,0,0,1,0,0,0,0,0,0,0,0,0,0,0,0,0,0,0,0,0,0,0,0,0,0,0,0,0,0,0,0,1,0,1,0,1,2,1108059.658,3068903.573,118547,3161692233
78,78,53,0,0,0,0,0,0,0,0,0,0,0,0,0,0,0,0,1,0,0,0,0,0,0,0,0,0,0,0,0,0,0,0,0,0,0,0,0,1,0,1,982072.6426,2972456.228,117774,1604521776
79,79,50,0,0,0,0,0,0,0,0,0,0,0,0,0,0,2,0,0,0,0,0,1,0,0,0,1,0,0,0,0,0,0,0,0,0,0,0,0,3,1,4,1129234.534,2995524.84,235705,5185342771
80,80,59,0,0,0,0,0,0,0,0,0,0,0,0,0,0,0,0,0,0,0,0,0,0,0,0,0,0,0,0,0,0,0,0,0,0,0,0,0,0,0,0,724217.772,3003457.13,42843,1660488676
81,81,191,0,0,2,2,0,0,0,2,1,1,1,0,1,0,0,0,0,0,0,0,3,0,0,2,3,2,4,7,1,0,1,0,1,0,2,2,9,6,23,38,176656.8094,3639550.494,46977,2403517138
82,82,186,0,3,8,3,1,1,1,0,1,1,1,2,0,2,0,1,2,1,0,1,0,5,1,0,4,0,8,0,0,0,7,0,1,0,0,2,22,13,22,57,53506.88159,3733223.082,213579,2132365953
83,83,190,0,0,2,2,0,1,0,1,0,0,0,1,2,1,2,3,1,1,2,1,0,1,0,0,1,0,1,0,0,0,1,0,4,0,0,7,7,14,14,35,52791.927,3759877.583,48833,904307237.7
84,84,189,0,0,0,2,1,1,1,0,0,0,0,0,0,0,2,1,0,2,0,0,1,0,0,0,2,3,5,3,0,4,1,0,0,0,1,0,5,6,19,30,160559.8103,3672244.429,59551,1472757907
85,85,188,1,3,2,4,2,2,2,1,2,2,1,8,0,4,7,0,0,1,0,0,0,1,6,1,2,2,0,0,1,4,2,0,1,2,3,1,30,20,18,68,151466.7039,3619599.988,66399,6819555150
86,86,187,0,1,1,6,3,1,4,1,4,1,3,0,0,1,2,2,1,2,1,2,1,1,2,2,2,3,2,3,2,11,2,2,0,2,0,0,25,17,29,71,115403.4267,3739026.511,72167,2209970379
87,87,193,0,0,0,0,1,0,1,0,0,0,0,0,0,0,1,3,0,0,0,0,0,0,0,0,1,3,0,0,0,0,1,0,0,0,0,1,2,4,6,12,89028.7351,3693753.08,22587,1604933075
88,88,192,0,2,4,2,1,1,1,1,0,1,2,0,1,1,0,3,0,2,3,0,0,0,2,0,0,0,2,0,0,2,0,0,2,2,0,0,15,12,8,35,59759.63572,3688457.86,27506,2585437072
89,89,175,0,0,0,2,0,0,0,0,0,0,0,0,0,3,0,0,1,0,2,0,0,0,0,0,0,0,1,0,0,0,0,0,0,0,0,0,2,6,1,9,649677.2798,3717800.687,41405,12590503211
90,90,168,0,0,0,0,0,0,0,1,1,0,1,0,0,0,0,0,0,0,0,0,0,0,0,0,0,1,2,0,3,0,1,1,0,0,1,0,3,0,9,12,570359.8672,3653761.246,108933,1952769276
91,91,172,4,4,8,11,3,3,2,0,1,0,1,0,0,0,0,3,1,3,4,0,1,1,1,2,0,4,4,0,0,0,3,0,0,0,0,0,37,16,11,64,496207.6385,3627246.713,69047,1689825302
92,92,161,0,1,0,2,0,1,2,2,1,1,0,3,0,0,0,0,0,0,0,0,0,0,0,0,0,0,0,0,0,0,0,0,0,1,0,1,13,0,2,15,547901.6627,3616185.671,311629,175808937.2
93,93,180,2,6,6,6,1,1,2,2,1,0,1,2,0,4,2,4,2,4,2,3,1,2,1,4,1,2,2,5,0,2,1,1,1,0,1,0,30,29,16,75,442387.5256,3679129.459,32423,957804394
94,94,178,0,0,0,0,2,1,1,0,1,0,1,0,0,2,0,0,0,0,0,1,0,0,0,0,1,0,1,2,0,1,2,4,1,1,0,0,6,3,13,22,555085.8552,3529771.075,34844,1794852373
95,95,173,1,3,2,1,3,1,2,0,1,0,1,1,3,3,1,1,2,2,4,1,1,1,2,0,0,2,3,0,2,0,0,0,0,2,1,0,16,21,10,47,558201.8486,3458154.438,65047,4905230245
96,96,166,0,1,4,6,1,0,1,2,2,0,0,0,3,1,1,4,2,0,2,0,2,7,0,1,0,0,1,1,2,7,2,0,0,0,0,0,17,23,13,53,583282.2849,3525640.468,149555,2795503686
97,97,171,2,1,3,10,6,10,2,2,2,0,1,2,4,4,1,1,0,0,1,2,0,0,2,2,10,28,4,5,2,6,8,1,0,2,2,3,41,17,71,129,429150.9065,3659106.282,79743,2004195087
98,98,176,1,4,5,7,1,4,0,0,0,1,1,0,0,0,10,7,0,1,2,2,0,2,1,0,2,1,3,14,1,8,7,0,1,0,0,1,24,25,38,87,406633.1229,3635349.76,38334,2158722834
99,99,163,2,3,2,3,6,8,7,8,5,4,2,2,1,1,0,5,2,5,5,2,4,3,1,2,5,6,7,13,2,6,3,1,4,3,1,1,52,31,52,135,550428.1313,3597601.618,247014,324286922.9
100,100,120,1,1,4,4,1,2,2,2,4,1,0,1,2,1,3,3,2,2,3,1,1,1,2,4,11,6,2,2,1,5,4,2,1,3,4,1,23,25,42,90,50280.41537,4187896.304,107579,1073128140
101,101,122,2,2,1,1,2,3,2,4,4,3,2,1,1,2,6,1,0,2,1,0,2,1,2,0,4,5,6,1,4,3,2,1,1,2,2,1,27,18,32,77,48358.71947,4203660.343,98988,1546124246
102,102,116,1,8,5,15,14,8,10,1,6,5,5,8,5,9,11,17,8,19,17,10,15,13,8,8,14,9,23,14,10,22,16,9,7,10,0,12,86,140,146,372,170279.5359,4281393.534,150111,3132558459
103,103,123,1,8,9,5,4,8,3,2,4,6,2,6,4,5,9,2,1,3,2,1,1,1,2,2,12,14,8,7,3,6,4,1,0,0,1,6,58,33,62,153,131340.0045,4192233.765,94985,2751958106
104,104,118,18,12,3,22,14,9,9,9,6,3,2,6,9,13,6,16,16,8,13,11,16,16,12,7,26,11,6,14,12,2,8,7,4,8,0,39,113,143,137,393,56455.79097,4142755.095,129795,774542297
105,105,112,8,6,12,9,7,6,2,6,4,11,9,10,49,53,61,73,37,44,39,3,4,1,6,6,10,17,20,8,4,7,9,5,3,5,5,4,90,376,97,563,86712.21685,4223507.203,1695094,2253953031
106,106,127,1,1,1,2,3,4,2,2,2,1,0,3,1,0,0,0,0,2,2,4,0,0,0,0,0,0,1,2,1,4,0,1,0,1,0,0,22,9,10,41,54537.62559,4311230.387,55166,1677119328
107,107,117,8,10,8,15,14,13,13,7,6,3,3,4,11,9,12,8,6,8,7,8,4,5,7,6,24,22,18,13,12,15,11,10,9,8,9,11,104,91,162,357,189701.3983,4209254.947,131934,3489479214
108,108,119,1,5,1,2,5,4,1,2,1,1,4,0,2,3,5,3,1,2,1,3,0,0,0,1,4,3,1,2,3,7,7,2,1,0,3,2,27,21,35,83,40090.3942,4245744.858,124499,2644914482
109,109,125,4,2,3,9,10,6,1,3,4,0,0,1,3,9,3,2,2,1,5,3,2,2,1,3,8,16,9,10,8,8,9,6,2,3,5,4,43,36,88,167,60432.48366,4167288.173,66746,748287060.2
110,110,128,7,8,11,7,8,3,4,2,6,2,1,1,12,11,11,7,4,8,6,2,9,6,6,6,3,4,5,5,6,11,4,4,14,15,22,2,60,88,95,243,158484.3013,4323256.509,48837,3745721831
111,111,113,6,3,4,5,5,2,3,1,4,6,3,4,4,8,3,4,5,2,4,2,4,6,3,6,9,17,21,8,6,7,12,8,2,4,1,7,46,51,102,199,94431.51392,4144738.528,247681,2143623020
112,112,114,9,8,17,7,23,10,7,4,4,4,4,1,15,10,30,8,4,0,11,4,2,5,6,4,13,25,8,24,20,21,12,14,20,21,19,4,98,99,201,398,34515.46834,4281256.738,239209,3290541856
113,113,121,5,12,4,11,7,5,5,4,3,0,4,3,6,9,7,19,9,2,6,2,2,6,8,4,6,3,9,12,5,10,3,5,8,0,4,2,63,80,67,210,73740.19493,4119762.64,106118,897269244.8
114,114,115,14,18,25,10,10,11,22,10,11,9,10,14,2,9,2,2,3,7,5,3,7,6,4,18,12,10,7,16,10,11,8,9,10,12,5,6,164,68,116,348,210239.0395,4151648.562,185806,5569341868
115,115,124,2,2,2,4,1,2,1,0,0,3,0,1,4,3,4,2,4,5,1,3,3,0,1,2,5,2,3,11,3,2,4,3,4,4,3,8,18,32,52,102,134357.6062,4239352.078,67820,2330078138
116,116,126,12,11,11,14,6,4,5,3,3,3,4,6,12,16,17,20,7,9,5,6,6,0,11,4,4,3,15,4,7,8,23,5,5,5,7,7,82,113,93,288,137571.2432,4149813.395,60822,2282348668
117,117,129,1,4,1,1,1,2,2,0,0,1,1,1,1,0,4,1,4,3,4,1,1,1,2,2,3,2,4,9,10,0,4,4,1,0,1,3,15,24,41,80,103920.578,4282275.069,45708,2356798066
118,118,131,7,13,10,15,16,17,12,7,8,7,3,7,7,4,5,9,13,8,15,2,10,2,2,7,0,8,10,6,2,0,1,1,1,2,0,2,122,84,33,239,154313.0762,4108799.341,32745,2942682309
119,119,177,2,3,0,0,1,1,0,0,0,1,0,0,0,0,0,1,1,4,0,0,0,0,0,0,0,0,0,0,0,0,0,0,1,0,0,0,8,6,1,15,750099.5248,3699306.548,38077,22564171531
120,120,162,4,1,4,2,5,5,4,5,3,0,2,1,2,4,2,1,5,4,2,3,1,1,2,2,1,0,1,0,0,1,8,1,1,0,0,2,36,29,15,80,504756.6405,3647933.828,300288,2387592252
121,121,174,0,1,0,2,1,6,1,1,0,1,0,3,1,0,0,1,2,3,1,1,0,0,1,0,0,1,0,0,0,0,0,0,2,0,1,1,16,10,5,31,581350.75,3712338.987,42239,3418417626
122,122,179,3,2,2,2,4,2,4,1,1,1,1,3,1,2,1,0,0,2,0,1,1,1,2,0,0,3,4,0,0,0,3,1,0,0,0,1,26,11,12,49,456242.7083,3623540.646,33942,1191631052
123,123,170,3,10,6,1,4,1,5,6,5,1,1,4,0,0,16,1,1,4,5,2,5,2,1,2,3,3,5,6,7,7,3,9,6,5,3,4,47,39,61,147,442985.4559,3701026.537,87479,1634274780
124,124,372,13,17,9,16,1,3,4,1,4,7,0,7,25,2,6,11,0,8,2,3,2,7,12,7,9,9,6,4,15,7,20,8,1,6,6,5,82,85,96,263,1038236.531,3194168.016,75940,11329131536
125,125,333,0,1,1,2,3,2,0,4,4,1,4,8,0,0,1,0,2,0,0,3,1,1,1,6,2,1,3,1,0,1,2,0,4,0,0,1,30,15,15,60,687084.0778,3136713.672,65045,3394733616
126,126,151,0,2,4,0,4,6,2,0,9,1,1,1,1,0,5,1,5,5,0,0,1,1,2,2,1,7,6,3,5,7,2,2,6,0,1,1,30,23,41,94,218090.0928,4272668.468,151156,3764224103
127,127,202,1,0,0,0,0,1,0,0,0,0,0,0,0,0,0,0,0,0,0,0,0,0,0,0,0,0,0,0,0,0,0,0,0,2,0,0,2,0,2,4,436588.8054,3320950.892,31570,1699325804
128,128,61,0,0,0,0,0,0,0,0,0,0,0,0,0,0,0,0,0,0,0,0,0,0,0,0,0,0,0,0,0,0,0,0,0,0,0,0,0,0,0,0,870620.8282,2883520.657,5263,125378584.7
129,129,60,0,0,0,0,0,0,0,0,0,0,0,0,0,0,0,0,0,0,0,0,0,0,0,0,0,0,0,0,0,0,0,0,0,0,0,0,0,0,0,0,1217378.148,2944723.987,40007,8858957801
130,130,58,0,0,0,0,0,0,0,0,0,0,0,0,0,0,0,0,0,0,0,0,0,0,0,0,0,0,0,0,0,0,0,0,0,0,0,0,0,0,0,0,1121576.099,2945052.155,43185,2333835861
131,131,182,2,1,1,1,6,0,2,7,8,4,3,6,4,0,0,6,0,0,0,1,0,1,2,1,0,2,0,0,0,1,0,0,1,0,0,1,41,15,5,61,490546.3833,3969171.519,2024765,2253085528
132,132,243,0,26,8,16,11,6,11,8,2,0,4,3,2,3,12,8,5,7,5,4,2,4,5,9,3,10,7,8,5,6,4,16,1,2,1,7,95,66,70,231,1379600.543,4060929.389,89956,5301822351
133,133,242,6,7,8,14,7,7,5,5,4,5,3,2,1,8,7,5,9,7,3,2,2,4,3,0,8,14,13,6,7,9,4,4,1,3,2,1,73,51,72,196,1304566.391,3986579.351,93930,3324555692
134,134,237,8,23,18,23,17,16,7,15,4,3,5,9,13,18,16,13,6,10,14,6,3,1,6,2,22,37,18,19,14,7,3,5,9,5,2,5,148,108,146,402,1174693.192,4134917.159,179714,3809587756
135,135,238,6,3,1,8,3,11,0,7,7,2,3,4,2,1,17,5,5,5,8,6,0,4,9,5,3,7,1,1,3,1,0,0,0,2,1,0,55,67,19,141,1180980.793,3945217.566,157149,2789713130
136,136,256,0,0,1,1,0,0,1,0,0,0,0,1,2,1,2,5,0,1,0,0,0,1,1,1,2,3,4,2,0,1,0,0,2,0,2,1,4,14,17,35,1296271.171,4113332.348,38232,3275720320
137,137,253,1,1,2,5,0,1,0,3,0,0,1,1,1,0,0,0,1,1,1,1,1,1,0,0,2,5,4,0,1,1,0,0,0,0,1,0,15,7,14,36,1205946.681,3902456.948,48900,3060960742
138,138,320,6,6,1,5,10,7,3,3,5,4,2,7,2,5,2,3,2,4,5,3,2,1,1,9,5,9,10,6,6,1,3,0,1,0,1,5,59,39,47,145,729927.842,3176654.577,209312,5737050643
139,139,339,0,0,0,0,0,0,0,0,0,0,0,0,0,0,0,0,0,1,0,0,0,0,0,0,0,0,0,0,0,0,0,0,0,0,0,0,0,1,0,1,535581.0301,3363104.368,46851,1059586605
140,140,343,2,5,1,3,6,2,2,3,0,0,1,2,0,0,2,1,0,1,0,0,0,1,0,2,0,0,0,0,0,0,0,0,0,0,0,0,27,7,0,34,705654.6675,3235670.383,40531,1708414687
141,141,321,3,5,6,3,8,8,5,0,3,3,1,2,4,2,9,6,3,3,8,1,1,2,1,3,3,12,8,11,5,8,2,4,6,1,4,3,47,43,67,157,771562.277,3205478.454,203129,4196934089
142,142,94,1,3,6,1,5,0,3,0,1,1,0,0,2,1,2,3,0,0,1,0,1,1,1,0,0,0,0,0,0,0,0,0,0,0,0,0,21,12,0,33,932745.2327,4200985.4,55821,3110226899
143,143,92,1,1,0,2,0,0,0,0,0,0,0,0,0,0,0,0,0,0,0,0,0,4,0,0,0,0,0,0,0,0,0,0,0,0,0,0,4,4,0,8,779544.1559,4115617.555,63447,1254683978
144,144,70,4,7,5,8,11,5,6,4,3,14,8,2,1,6,2,8,5,6,3,4,4,7,0,1,0,0,0,0,0,0,0,0,0,0,0,0,77,47,0,124,334733.1235,3884608.462,42485,1397397708
145,145,169,0,3,0,3,5,5,0,2,1,1,0,0,1,3,0,0,1,1,3,0,0,3,0,2,1,1,1,3,3,2,0,0,2,0,5,0,20,14,18,52,580425.8202,3781519.955,97409,6100745001
146,146,165,0,0,0,0,4,1,0,0,1,0,0,0,0,0,0,2,0,2,0,0,1,0,0,0,0,0,0,0,0,0,0,0,0,0,0,0,6,5,0,11,514470.9262,3684402.425,196584,5017908820
147,147,185,0,0,1,0,0,1,0,0,0,0,0,0,0,0,0,0,0,0,0,0,0,0,0,0,0,0,0,0,0,0,0,0,0,0,0,0,2,0,0,2,479431.2361,4007462.111,26976,1123631056
195,195,263,2,2,4,2,2,3,2,1,0,0,0,1,2,3,2,2,1,0,1,0,0,2,2,1,1,2,0,0,0,1,0,0,0,2,0,0,19,16,6,41,1136580.031,4140334.789,52364,1614943860
196,196,231,1,2,0,1,0,0,0,0,0,0,0,1,0,0,0,0,0,1,1,0,0,0,0,0,0,0,0,0,0,0,0,3,1,1,1,0,5,2,6,13,1093854.279,3783337.436,24683,5992581986
197,197,224,2,2,0,2,1,0,2,0,0,3,3,0,1,1,3,6,2,4,2,2,1,0,1,2,1,0,1,1,0,1,0,1,2,0,0,2,15,25,9,49,1234049.654,3617545.014,259506,20032451214
198,198,227,2,3,5,3,1,4,1,0,0,3,0,0,2,6,5,8,1,4,4,1,0,0,0,0,0,0,0,0,0,0,1,1,0,0,0,2,22,31,4,57,1354524.343,3682749.572,55080,5797111970
199,199,230,1,2,2,1,4,0,1,0,0,1,1,1,0,1,3,4,0,3,3,1,1,0,3,2,2,1,0,2,2,2,5,2,0,1,1,0,14,21,18,53,1174402.92,3715228.337,32493,9341698424
148,148,158,0,0,0,0,0,0,0,0,0,0,0,0,0,0,0,0,0,0,0,0,0,0,0,0,0,0,0,0,0,0,0,0,0,0,0,0,0,0,0,0,238066.997,4231488.171,18231,399802701.7
149,149,338,0,0,0,0,0,0,0,1,0,0,0,0,0,0,0,0,0,0,0,0,0,0,0,0,0,0,0,0,0,0,0,0,0,0,0,0,1,0,0,1,766676.5845,3061385.732,47055,1837195095
150,150,93,0,0,0,1,0,0,1,0,0,0,1,0,0,0,0,0,0,0,0,0,0,0,0,0,0,0,0,0,0,0,0,0,0,0,0,0,3,0,0,3,914105.8902,4141079.025,59975,871082492.9
151,151,316,3,0,7,2,9,7,3,0,5,8,0,5,1,0,1,1,0,0,1,0,2,1,0,0,6,7,5,2,3,5,2,0,1,0,1,6,49,7,38,94,656436.849,3268535.297,1700687,8725405986
152,152,100,0,0,0,0,0,1,0,0,0,0,0,0,0,0,0,0,0,0,0,0,0,0,0,0,0,0,1,0,0,0,0,0,0,0,0,0,1,0,1,2,359470.2378,4147258.478,138004,299308935.2
153,153,107,0,0,0,0,0,0,0,0,0,0,0,0,0,0,0,0,0,0,0,0,0,0,0,0,0,0,0,0,0,0,0,0,0,0,0,0,0,0,0,0,318856.2631,4155625.56,66909,747892571.1
154,154,97,0,1,0,2,0,0,0,0,0,0,0,0,0,1,0,0,0,2,0,0,0,0,0,0,0,0,0,0,0,0,0,0,0,0,0,0,3,3,0,6,305247.9845,4195705.829,189933,2158749850
155,155,90,0,2,2,0,0,0,2,0,0,0,0,2,1,4,4,3,0,4,1,3,0,1,0,0,6,15,9,2,0,8,6,1,2,1,4,0,8,21,54,83,781416.8874,4090848.98,72803,282778566.1
156,156,84,4,1,4,6,8,0,0,0,0,2,0,3,0,1,15,3,2,3,6,2,3,9,1,0,0,1,6,6,2,4,3,1,0,1,5,0,28,45,29,102,843592.1087,4084358.695,132757,1101893491
157,157,83,0,1,0,2,1,2,0,0,0,1,1,0,1,1,0,1,1,3,3,0,0,0,0,1,2,4,14,14,0,0,1,0,0,6,2,0,8,11,43,62,862373.5781,4165085.236,325789,5008552712
158,158,65,2,15,24,30,20,18,23,18,17,19,5,14,6,16,17,20,9,10,15,5,6,7,18,7,8,18,33,25,12,19,15,15,8,6,6,10,205,136,175,516,262071.4515,3916747.155,1431171,3830066463
159,159,51,0,1,0,0,0,0,2,2,0,1,0,1,0,1,0,1,3,0,0,1,1,0,0,0,1,1,2,2,0,2,0,3,3,0,1,0,7,7,15,29,857859.0626,2973348.059,134713,7724358729
160,160,57,0,0,0,0,0,0,0,0,0,0,0,0,0,1,0,1,0,0,0,0,0,0,0,0,0,0,0,0,0,0,0,0,0,0,0,0,0,2,0,2,1231993.385,2882421.382,52882,10839009817
161,161,56,0,0,0,0,0,0,0,0,0,0,0,0,0,0,0,1,0,0,0,0,0,0,0,0,0,0,0,0,0,1,0,0,0,0,0,0,0,1,1,2,945284.5085,3025643.013,52968,3947871138
162,162,164,0,1,0,3,1,2,1,2,2,2,2,2,1,5,2,3,0,1,1,2,1,1,0,2,0,0,0,0,1,0,0,0,1,0,1,1,18,19,4,41,521137.7235,3585087.967,246510,1172497911
163,163,167,0,3,7,1,1,1,2,2,0,0,0,2,0,1,0,0,1,0,0,0,1,0,2,2,0,3,1,2,0,1,0,3,0,0,0,0,19,7,10,36,548037.9176,3571221.841,143474,1093997667
164,164,373,10,12,12,15,9,7,4,9,2,10,12,7,11,18,15,17,17,10,9,5,10,9,7,6,11,17,8,13,11,12,8,3,7,5,8,14,109,134,117,360,1050896.648,3307325.456,73738,6136252871
165,165,365,0,0,0,0,0,0,0,0,0,0,0,0,0,1,0,0,0,0,0,0,0,0,0,0,1,0,0,0,0,1,0,0,0,0,0,0,0,1,2,3,1218814.311,3248683.959,195603,8734785969
166,166,363,0,0,0,0,1,0,0,0,1,0,1,0,0,1,0,0,0,0,0,0,0,0,0,6,0,1,2,0,0,0,1,1,0,0,0,0,3,7,5,15,1132559.738,3207759.918,277748,8602179626
167,167,379,0,0,2,0,0,0,0,0,0,1,0,0,0,0,0,0,0,0,0,0,0,0,0,0,0,0,1,0,0,0,0,0,0,0,0,0,3,0,1,4,1085945.748,3481548.321,40295,13656888844
168,168,367,0,4,0,8,2,0,0,2,0,0,0,0,0,2,1,2,1,0,2,1,0,0,1,1,4,3,0,4,0,2,2,2,1,1,0,0,16,11,19,46,1234753.808,3107918.19,104421,6296422292
169,169,375,0,0,0,0,0,0,0,0,0,0,0,0,0,0,0,0,0,0,0,0,4,0,0,0,0,0,0,0,0,0,0,0,0,0,0,0,0,4,0,4,1278867.557,3179017.113,66335,5783523976
170,170,366,1,0,0,1,3,1,0,0,0,0,0,0,2,0,0,0,0,0,0,0,1,1,1,0,0,1,0,0,0,8,0,1,1,0,0,0,6,5,11,22,1009135.123,3430480.62,129104,4590113818
171,171,364,12,10,8,7,9,6,12,7,4,5,4,4,14,18,12,17,15,15,12,6,6,8,7,8,17,27,27,24,8,24,8,9,7,6,8,8,88,138,173,399,957974.7251,3258341.33,267697,12718584235
172,172,368,4,4,1,3,6,3,2,4,2,6,3,6,6,2,7,4,3,2,1,1,0,2,3,1,1,7,9,3,3,3,3,0,3,2,3,5,44,32,42,118,884059.1328,3351813.006,90495,13571817952
173,173,371,0,0,0,0,1,2,0,0,0,0,0,0,0,0,0,0,0,0,0,0,0,0,0,0,0,1,0,0,0,0,0,0,0,0,0,0,3,0,1,4,1234345.41,3026849.795,76376,10235091621
174,174,361,0,0,3,2,2,0,1,2,4,1,0,1,2,3,1,3,0,2,4,1,3,2,1,2,2,7,15,3,7,3,3,5,2,1,2,4,16,24,54,94,1186340.703,3378796.225,722484,45400912003
175,175,369,0,3,0,1,0,0,0,0,0,1,0,0,0,1,1,0,5,0,0,0,0,0,0,1,0,1,0,0,3,2,1,1,0,0,9,0,5,8,17,30,1134264.617,3114454.263,86290,4811101834
176,176,383,0,0,0,0,0,0,0,0,0,0,0,0,0,0,0,0,0,0,0,0,0,0,0,0,0,0,0,1,0,0,0,0,0,0,0,0,0,0,1,1,998929.5749,3476310.693,21721,3623917771
177,177,376,0,0,0,0,0,0,0,0,0,0,0,0,0,0,0,0,0,0,0,0,0,0,0,0,2,4,0,1,0,0,1,0,0,0,0,0,0,0,8,8,1160904.025,3040161.236,64528,3603253829
178,178,385,8,8,6,5,7,5,3,8,3,1,6,8,16,2,6,13,0,7,5,6,3,1,1,3,0,24,18,1,4,4,10,2,3,4,2,5,68,63,77,208,101145.3835,3773485.462,151437,2054866371
179,179,396,10,9,7,8,5,1,2,1,1,1,1,2,0,8,3,9,2,8,2,2,1,1,1,8,2,9,4,4,1,3,1,1,0,2,3,4,48,45,34,127,42891.41209,3859646.859,38475,1670047367
180,180,391,1,1,0,1,1,3,1,0,0,1,0,0,0,0,0,0,0,0,0,0,1,0,3,0,8,5,1,4,0,1,0,0,0,1,0,1,9,4,21,34,68673.79411,3866881.574,71235,765447967.8
181,181,395,11,9,26,9,5,11,5,2,0,2,4,1,2,11,8,12,1,5,0,1,1,5,6,10,7,3,3,7,2,2,3,6,9,5,6,6,85,62,59,206,62833.91716,3817481.856,39837,1891796344
182,182,394,0,0,2,2,0,3,0,1,2,0,2,1,0,0,1,0,0,0,1,1,0,2,2,1,1,1,2,0,1,0,0,0,0,0,0,0,13,8,5,26,96151.92735,3853032.984,46395,1201569688
183,183,388,25,11,9,10,10,4,1,3,3,5,3,0,13,10,8,15,2,11,7,3,0,5,6,0,10,6,6,12,5,9,4,5,2,4,1,0,84,80,64,228,32977.50631,3827377.696,85616,908099778.9
184,184,386,14,6,15,17,3,2,6,7,3,6,0,0,12,11,14,5,8,6,0,3,5,5,6,3,41,25,18,6,7,15,5,3,7,6,11,4,79,78,148,305,183988.5809,3863259.861,91935,2329443964
185,185,390,4,2,2,3,4,4,1,6,4,3,6,3,7,4,2,6,5,2,0,0,1,3,3,0,4,13,8,10,3,5,4,4,3,5,1,3,42,33,63,138,179439.4419,3830969.971,76678,1470305368
186,186,384,30,28,21,15,9,6,3,5,9,9,22,18,32,11,8,13,2,19,17,2,1,4,5,1,13,24,49,21,3,15,8,0,4,4,4,0,175,115,145,435,133093.908,3802340.318,1030978,5773278223
187,187,389,4,2,2,1,1,3,3,4,2,1,3,2,5,6,6,1,8,8,7,3,2,8,3,4,2,2,1,0,4,4,1,2,2,1,1,0,28,61,20,109,216758.1093,3819377.082,81051,891299929
188,188,387,1,5,9,5,2,0,2,2,6,2,3,5,0,1,6,11,2,6,3,1,2,2,4,6,5,7,1,0,1,2,3,4,4,2,4,0,42,44,33,119,173958.7701,3806349.046,86342,1004570972
189,189,393,2,0,0,1,1,2,2,2,0,0,0,1,0,0,6,2,2,0,3,0,1,3,1,1,2,0,0,0,0,0,0,0,0,0,0,0,11,19,2,32,67459.34082,3890341.752,56837,805139703.8
190,190,392,3,5,10,9,7,6,2,2,2,0,2,9,16,14,16,4,2,12,8,7,5,2,5,3,23,23,19,14,5,5,5,4,5,8,3,14,57,94,128,279,40879.64751,3786937.769,62858,2237910077
191,191,261,4,9,20,5,14,0,4,2,1,1,0,0,1,0,6,2,5,1,0,3,0,1,0,0,0,7,5,4,0,2,1,1,0,2,0,0,60,19,22,101,1083988.532,4109986.688,127012,5019000172
192,192,259,6,7,4,6,3,4,5,5,5,7,5,6,4,2,2,3,5,2,1,4,5,4,3,5,4,0,7,8,2,4,1,3,0,2,4,4,63,40,39,142,1042687.856,4199793.493,365896,6157130011
193,193,264,0,0,0,7,0,1,1,0,0,0,0,0,2,2,3,0,2,0,1,0,0,0,0,0,0,1,2,1,0,1,0,0,0,0,0,1,9,10,6,25,1004210.069,4113122.905,36898,3486266339
194,194,260,0,1,0,1,2,0,0,0,1,0,0,0,2,2,0,0,1,2,4,0,0,0,0,0,1,2,2,3,1,5,2,0,0,4,1,0,5,11,21,37,1109216.997,4177599.545,157014,3945394385
200,200,229,0,1,2,2,0,1,0,4,1,0,0,1,0,5,0,1,0,1,2,0,0,0,0,2,2,4,3,2,0,8,0,0,0,0,0,0,12,11,19,42,1354043.961,3625815.557,39487,8198719575
201,201,228,0,1,1,2,3,1,1,0,0,0,1,0,1,2,0,0,1,1,0,1,0,0,0,1,0,0,1,0,0,0,1,0,0,0,0,0,10,7,2,19,1148587.914,3783745.115,41626,4102628714
202,202,226,1,0,0,1,0,0,1,0,0,0,0,1,0,3,3,1,0,0,2,0,0,1,0,0,0,0,1,0,1,1,0,0,0,0,1,0,4,10,4,18,1332083.515,3517956.374,57258,26093960789
203,203,269,0,0,0,0,0,0,0,0,0,0,0,0,0,0,0,0,0,0,0,0,0,0,0,0,0,0,0,0,0,0,0,0,0,0,0,0,0,0,0,0,270040.0725,3341312.586,271484,2538023633
204,204,281,0,0,0,0,0,0,0,0,0,0,0,0,1,2,0,0,0,1,0,0,0,0,1,0,0,1,0,2,0,2,0,0,0,0,0,1,0,5,6,11,379396.7476,3403918.793,90420,2330453461
205,205,274,10,13,14,7,12,9,6,9,4,10,12,10,15,11,12,13,8,7,6,14,8,5,6,5,15,28,26,13,6,24,9,7,8,12,11,14,116,110,173,399,249562.6956,3620727.993,167126,3115723176
206,206,270,0,0,1,0,1,0,1,0,0,0,0,0,1,0,0,0,1,1,1,0,0,0,0,0,3,3,2,3,1,0,0,0,0,0,0,6,3,4,18,25,402771.2984,3526823.126,203621,3788706966
207,207,273,0,0,0,0,1,0,0,2,0,0,0,2,1,4,2,0,1,1,0,0,0,1,0,3,3,4,4,4,1,3,6,0,2,0,0,0,5,13,27,45,424513.2781,3377565.457,179703,2998758627
208,208,275,0,0,0,0,0,0,0,0,0,0,0,0,0,0,0,0,0,0,0,0,0,0,0,0,1,0,1,0,0,2,0,0,0,0,0,0,0,0,4,4,233099.9014,3398016.838,163701,1805946524
209,209,267,6,4,3,3,4,2,6,8,4,8,9,13,14,4,4,8,5,4,2,4,4,6,4,9,11,12,9,7,2,7,4,6,8,6,5,5,70,68,82,220,297163.5289,3605967.438,423552,4645764338
210,210,280,0,0,0,0,0,0,0,1,0,3,1,0,0,2,0,1,0,0,0,0,1,0,0,0,1,3,1,0,2,0,0,0,0,0,0,0,5,4,7,16,221933.1296,3513642.494,99831,1972003501
211,211,279,0,0,0,1,0,0,0,1,1,1,1,1,0,0,0,0,1,0,0,0,0,0,0,0,2,3,0,2,0,0,0,0,1,0,0,0,6,1,8,15,372465.4052,3453835.19,105418,1817499512
212,212,276,0,0,0,0,0,0,1,0,0,0,0,0,0,0,1,0,0,1,0,0,0,0,2,0,0,0,0,1,0,0,1,0,0,0,0,1,1,4,3,8,277784.1827,3392314.112,153355,3597508695
213,213,271,1,3,0,0,1,0,0,0,0,3,3,0,1,1,1,0,0,2,0,0,2,0,0,1,2,1,2,3,3,0,1,1,5,7,6,0,11,8,31,50,237621.0678,3547629.587,202762,3630291352
214,214,272,3,3,3,5,5,5,3,5,2,0,1,5,2,2,2,3,3,1,1,2,1,3,1,2,10,5,3,5,0,3,5,3,2,0,2,1,40,23,39,102,299276.8366,3529557.746,191444,2432821516
215,215,287,10,1,2,2,3,2,4,9,4,7,3,3,16,16,7,6,8,2,1,5,6,3,10,7,12,7,4,4,11,10,3,0,3,5,6,20,50,87,85,222,328160.1973,3589019.406,37381,1399625271
216,216,277,2,1,0,1,1,1,0,0,2,0,0,0,1,6,8,5,1,1,5,2,2,4,0,3,1,1,7,5,3,0,0,1,1,3,0,6,8,38,28,74,340550.8448,3536001.58,113257,2175516098
217,217,286,0,0,0,1,1,0,0,0,0,0,1,1,0,0,0,0,0,1,2,0,0,0,0,0,0,1,0,1,0,0,0,0,0,0,0,1,4,3,3,10,365292.57,3355808.494,37440,3779752148
218,218,288,0,0,1,0,0,0,1,0,0,0,0,1,0,0,0,0,0,0,0,1,1,0,0,0,0,0,0,0,0,0,0,0,0,0,0,0,3,2,0,5,206149.3678,3464264.996,34312,3081256903
219,219,283,6,4,2,1,3,3,2,3,3,2,2,4,6,6,4,4,2,1,11,0,0,0,5,5,5,6,11,3,5,3,4,13,18,5,4,5,35,44,82,161,294455.4892,3568711.025,64951,973261260.7
220,220,1,0,3,7,7,6,2,1,0,0,1,0,0,0,1,3,2,1,6,6,7,0,2,0,1,0,0,0,3,0,0,1,0,0,0,0,0,27,29,4,60,522077.9357,3412091.045,243771,3780071834
221,221,4,0,0,0,0,1,1,0,0,0,0,0,0,0,0,3,0,0,1,0,0,0,0,0,0,0,0,0,1,0,0,1,0,0,3,0,1,2,4,6,12,524774.033,3425238.44,52040,1577254361
222,222,2,1,1,1,0,4,4,4,0,1,2,1,1,2,3,2,4,0,1,0,2,0,3,1,1,0,16,6,0,0,0,18,0,0,0,0,0,20,19,40,79,448797.5878,3434946.393,153459,3326487706
223,223,3,0,0,3,0,2,1,0,2,0,3,0,2,0,0,2,1,0,1,0,1,0,0,2,0,3,0,3,1,0,0,0,0,0,2,1,0,13,7,10,30,475642.6294,3351173.242,119217,3123868593
224,224,355,1,6,12,9,12,7,11,1,1,1,0,4,4,2,17,4,1,1,4,0,0,3,1,3,1,10,3,9,0,8,5,0,3,0,1,1,65,40,41,146,35538.8426,3995797.207,132565,1542371676
225,225,357,4,10,5,2,16,3,7,12,17,19,18,24,8,12,8,13,14,8,9,3,10,4,2,1,3,9,5,24,8,28,7,11,11,8,4,4,137,92,122,351,197528.6721,3982939.151,93714,5904914749
226,226,358,6,5,2,7,11,3,11,4,4,9,1,3,3,6,4,4,2,4,1,1,7,0,4,3,9,8,5,8,17,7,11,3,2,0,0,2,66,39,72,177,136843.467,3983190.414,81936,3986667003
227,227,352,2,5,7,9,11,4,5,2,3,4,3,3,5,5,4,6,5,10,8,3,1,0,2,3,4,7,6,6,1,13,2,1,0,0,0,4,58,52,44,154,84155.02123,4011196.505,210390,4514253896
228,228,351,4,7,7,7,3,2,7,5,4,3,3,3,1,5,1,2,1,2,0,2,6,5,1,7,2,7,1,3,2,3,0,2,1,2,0,4,55,33,27,115,126218.3112,3919988.439,450167,3032567656
229,229,354,4,11,11,10,7,7,6,5,5,6,5,5,4,9,3,5,5,4,4,6,6,5,4,6,6,10,8,6,6,9,8,4,5,5,5,5,82,61,77,220,211157.1595,3903083.087,136961,2874845538
230,230,356,0,1,3,1,2,4,0,0,1,0,1,2,1,2,0,0,1,0,1,1,0,1,2,3,1,4,2,1,1,1,3,0,1,0,0,0,15,12,14,41,126865.1996,3875791.295,105995,2060619883
231,231,353,7,6,5,12,4,4,1,3,0,1,1,2,1,4,3,3,1,10,1,0,1,7,3,2,1,5,3,1,0,4,1,0,0,0,2,1,46,36,18,100,78910.25044,3946447.033,168774,2326495495
232,232,16,1,1,5,15,12,3,3,1,0,2,8,2,0,1,3,5,3,2,0,0,2,0,2,0,2,3,3,1,0,2,0,0,1,3,1,0,53,18,16,87,355389.3144,3707885.059,71586,1404331926
233,233,13,1,11,11,12,19,20,40,24,6,48,51,1,5,6,14,7,124,12,12,43,6,1,1,1,12,27,74,58,20,43,24,9,10,5,13,25,244,232,320,796,352199.2947,3665939.538,140275,5305292374
234,234,9,2,7,2,18,9,0,5,5,10,1,3,6,6,8,14,5,2,7,6,3,9,5,3,0,13,8,20,6,3,9,10,8,0,8,5,1,68,68,91,227,292507.1966,3752198.105,337631,1675950693
235,235,8,14,13,14,14,15,5,4,8,2,13,13,14,1,7,14,4,5,10,10,4,0,3,10,5,9,30,49,39,10,2,18,4,7,11,8,6,129,73,193,395,274046.8921,3696536.586,487167,5002074271
236,236,11,1,3,1,10,3,3,2,3,1,5,1,0,0,0,7,0,2,5,3,2,0,3,0,2,2,3,8,1,1,6,1,2,2,2,0,0,33,24,28,85,320938.5149,3710602.025,162800,1388150255
237,237,10,2,9,20,16,17,5,3,1,1,2,2,6,4,11,10,5,0,16,10,4,2,3,4,6,4,6,3,7,2,5,3,2,2,0,3,6,84,75,43,202,164902.4863,3713283.672,218921,4029754686
238,238,14,5,8,2,2,5,8,4,6,5,2,3,0,2,11,8,6,2,4,6,7,3,1,0,0,0,11,0,1,13,8,4,0,1,6,3,2,50,50,49,149,217821.2704,3669369.262,75327,3747906831
239,239,48,3,4,2,1,1,1,0,1,1,0,0,1,3,1,3,2,0,2,1,1,0,2,1,0,2,5,3,0,0,0,1,0,0,1,1,1,15,16,14,45,412943.4667,3810385.874,17105,1239704971
240,240,37,35,10,11,58,49,18,15,19,54,15,5,4,21,12,23,24,16,32,13,3,9,4,5,1,9,36,51,10,22,8,5,16,3,11,7,5,293,163,183,639,389826.5511,3778743.351,599634,4146063543
241,241,47,0,0,1,0,1,4,2,2,1,1,3,3,1,2,3,3,0,2,0,0,0,1,1,1,3,6,4,0,0,5,2,2,1,0,1,0,18,14,24,56,388442.356,3842371.641,25912,2752390863
242,242,40,9,4,8,13,8,0,8,2,3,7,5,3,3,1,2,6,2,3,1,0,0,0,0,5,4,13,3,4,0,4,3,0,2,3,6,4,70,23,46,139,407060.5,3725671.56,107368,2393695176
243,243,44,4,4,6,4,2,1,1,3,2,2,1,0,2,4,3,5,5,4,3,3,0,2,1,3,2,5,3,4,5,6,3,2,3,6,4,1,30,35,44,109,477021.2185,3764071.731,48986,2198138745
244,244,42,5,18,5,11,9,7,5,5,5,9,1,7,0,5,9,6,6,8,3,4,5,5,4,2,8,6,6,5,3,10,6,5,7,7,4,2,87,57,69,213,439051.2189,3913798.434,57153,4163137601
245,245,38,16,53,38,38,37,16,20,7,19,16,21,10,13,13,12,12,3,15,0,0,5,7,9,3,6,22,22,25,6,0,3,12,14,12,10,12,291,92,144,527,411873.0692,3881784.859,259030,4611584878
246,246,39,14,18,15,18,22,3,9,9,3,5,3,11,1,7,14,13,5,11,6,7,9,7,7,7,1,8,16,12,0,7,3,2,5,2,1,0,130,94,57,281,343137.7068,3751407.098,117746,2644959754
247,247,45,5,10,8,5,6,4,5,4,5,5,6,10,2,3,1,0,3,2,4,2,1,1,1,1,15,10,6,5,3,3,2,2,1,2,3,3,73,21,55,149,350122.5872,3845229.15,39340,1615961534
248,248,43,1,2,1,2,0,3,4,0,0,0,1,1,0,2,1,1,1,1,2,1,0,0,3,0,1,0,0,1,0,1,0,3,1,1,0,1,15,12,9,36,449223.0692,3749302.515,53381,1995896856
249,249,20,5,2,4,5,2,7,1,1,0,2,2,7,8,7,10,3,11,10,15,11,10,1,5,0,4,1,5,10,4,0,3,8,8,0,2,5,38,91,50,179,612003.7758,3997154.115,370774,3188177072
250,250,25,1,0,0,2,1,0,1,0,0,0,0,0,1,0,1,0,0,1,3,1,0,0,0,0,0,0,1,2,0,0,1,0,8,0,0,0,5,7,12,24,652241.0637,4059170.658,124323,263049332.9
251,251,22,1,1,2,4,0,0,2,2,1,0,0,1,2,1,2,2,2,3,1,1,0,1,2,2,1,4,1,5,0,4,2,1,2,5,1,1,14,19,27,60,740298.9191,4061785.752,155247,1471840499
252,252,370,0,0,0,0,0,0,0,0,0,0,0,0,0,0,0,3,0,2,0,0,0,0,0,1,0,0,0,0,0,0,0,0,0,0,0,0,0,6,0,6,1187739.434,3159701.971,85942,4639923454
253,253,5,0,0,0,0,0,0,0,0,0,0,0,0,0,0,0,0,0,0,0,0,0,0,0,0,14,9,6,5,1,7,4,4,7,4,7,0,0,0,68,68,416289.8922,3431330.136,37048,1316571454
254,254,397,5,5,2,1,4,2,4,2,3,1,3,0,1,2,1,0,1,2,1,0,1,2,1,5,4,4,7,5,3,8,2,2,4,1,2,0,32,17,42,91,6136.497739,3787154.749,19821,2005493620
255,255,262,3,3,11,7,8,6,3,5,8,1,1,0,5,3,3,1,2,5,4,2,1,2,3,0,3,12,6,1,1,5,4,0,4,5,3,0,56,31,44,131,992974.6477,4184470.75,103944,6053027644
256,256,225,12,6,18,27,12,10,7,1,4,6,6,3,10,17,18,15,8,17,21,3,5,9,3,7,6,7,10,7,11,4,4,2,4,4,7,10,112,133,76,321,1305457.618,3755896.087,152401,15825816184
257,257,278,1,3,2,0,3,0,0,1,0,0,1,0,0,3,6,1,3,1,0,0,3,0,0,0,12,23,16,8,2,2,1,1,1,1,2,0,11,17,69,97,395805.2025,3483702.191,107450,2258709375
258,258,268,0,0,0,0,0,0,0,0,0,0,0,0,0,0,0,0,0,1,0,0,0,0,0,0,2,0,1,0,0,1,0,0,0,1,0,0,0,1,5,6,319988.1376,3389027.361,278037,1907935459
259,259,23,4,0,4,4,1,0,1,1,2,4,3,1,2,2,1,6,1,4,4,4,2,2,2,1,2,3,9,5,4,3,2,4,1,1,2,1,25,31,37,93,485064.6668,4050711.898,153940,1806048841
260,260,160,1,2,6,10,8,8,5,2,1,3,1,2,6,3,5,7,5,4,7,4,0,0,0,2,5,2,9,4,8,9,1,5,5,0,5,0,49,43,53,145,525757.2146,3753350.85,323371,4391993043
261,261,382,0,0,1,4,0,0,1,0,0,0,0,0,0,0,0,2,0,0,0,0,0,1,2,0,0,0,0,0,0,0,0,0,0,0,0,0,6,5,0,11,1082495.306,3248805.625,34392,1650443393
262,262,362,4,6,6,5,2,6,11,3,6,3,1,1,1,4,3,2,1,1,1,0,0,0,3,2,0,0,5,0,6,2,0,0,0,1,0,0,54,18,14,86,969949.8607,3388995.658,287921,8168021521
263,263,374,0,0,0,0,0,0,0,0,0,0,0,0,0,0,0,0,0,0,0,0,0,0,0,0,0,0,0,0,0,0,0,0,0,0,0,0,0,0,0,0,1297299.415,3246420.9,68038,5074876104
264,264,265,0,1,0,0,0,0,5,0,0,0,0,0,0,1,1,2,0,1,0,0,0,1,0,0,0,0,0,0,0,0,0,0,0,0,0,0,6,6,0,12,965112.4139,4124549.111,24599,2158548212
265,265,258,12,17,16,6,11,2,4,3,3,1,4,6,9,4,8,9,2,6,10,3,2,2,4,7,0,0,0,0,0,0,0,0,0,0,0,0,85,66,0,151,1150788.442,3851882.167,30664,4815275643
266,266,246,2,1,5,3,3,2,0,1,0,0,0,1,3,3,9,6,2,3,0,1,0,4,5,0,4,6,1,5,1,2,4,1,2,0,6,4,18,36,36,90,1077833.03,3912020.255,72626,7664383231
267,267,241,3,5,4,5,1,5,0,0,0,2,1,1,3,5,3,5,9,6,5,7,0,3,5,5,7,23,16,8,5,6,17,2,3,4,1,5,27,56,97,180,1389131.976,3889847.982,108424,2946504032
268,268,255,5,12,12,8,13,13,12,1,2,2,3,1,0,0,5,2,3,8,8,4,1,1,1,3,0,0,0,0,0,0,0,0,0,0,0,0,84,36,0,120,1166931.885,4044624.802,42739,1484659062
269,269,235,11,6,22,16,25,11,2,9,2,2,2,6,34,37,66,84,35,59,22,23,9,5,22,11,24,27,24,15,16,20,16,16,6,13,5,7,114,407,189,710,1385009.542,3969676.102,262712,8166187295
270,270,236,11,17,29,33,12,8,6,5,5,10,9,11,4,7,15,10,8,14,10,5,7,6,5,6,11,21,9,24,21,16,5,1,4,2,2,6,156,97,122,375,1237448.494,3955538.751,210390,3769526378
271,271,254,1,3,6,4,4,2,3,2,5,1,4,3,0,5,5,2,0,3,1,0,2,2,1,0,0,0,0,0,0,0,0,0,0,0,0,0,38,21,0,59,1035396.416,4076397.235,47920,1692345075
272,272,250,8,1,1,0,0,0,0,0,0,1,0,3,0,0,1,2,0,1,3,1,3,0,0,0,0,0,0,0,0,0,0,0,0,0,0,0,14,11,0,25,1079793.402,4070181.293,54139,1720550713
273,273,252,2,6,3,5,7,1,2,1,3,1,0,2,3,6,4,2,6,0,6,0,2,2,3,0,3,4,2,4,6,2,1,2,0,1,1,1,33,34,27,94,1150046.282,3909426.397,49111,1627959018
274,274,240,2,3,16,2,1,15,6,1,2,4,3,5,3,7,7,5,1,5,4,1,2,3,0,5,4,4,5,3,3,3,1,4,2,2,2,4,60,43,37,140,1331423.573,3844985.773,121859,9797150431
275,275,245,10,13,10,13,12,13,5,3,1,3,7,8,9,14,12,4,10,5,8,3,4,4,6,6,14,12,5,7,7,4,3,4,4,5,3,4,98,85,72,255,1211092.845,4164525.385,74326,3956629992
276,276,248,2,16,11,3,7,4,6,0,3,2,3,3,22,7,12,12,6,11,7,2,2,3,6,0,13,20,13,21,15,12,7,4,2,6,5,6,60,90,124,274,1268684.749,3886459.905,60632,4360409940
277,277,247,5,31,17,27,26,9,6,6,1,10,2,3,5,12,9,10,9,8,8,0,2,2,4,5,0,0,0,0,0,0,6,0,2,6,1,4,143,74,19,236,1293854.972,3940854.727,71477,2549587961
278,278,234,8,11,28,15,11,9,3,8,5,0,2,1,11,16,13,7,2,6,1,4,5,7,7,0,9,25,26,26,18,8,4,13,2,8,5,1,101,79,145,325,1088966.347,4009359.524,319893,14440183964
279,279,233,10,24,30,24,31,16,20,13,4,11,10,10,14,17,17,12,6,13,6,8,2,4,11,15,23,48,41,39,30,21,11,2,8,7,7,11,203,125,248,576,1191080.076,4029822.723,433105,7216453564
280,280,239,0,9,6,7,13,8,2,1,1,3,11,1,9,5,15,1,4,5,0,19,5,6,2,17,0,0,0,2,1,0,0,0,1,1,4,0,62,88,9,159,1219976.346,4090680.157,125601,3350225443
281,281,244,5,7,5,4,2,0,1,0,2,1,1,1,0,0,7,13,0,4,2,0,1,2,0,1,2,2,15,6,9,1,0,5,1,0,1,2,29,30,44,103,1223068.333,3831935.931,80783,5471341829
282,282,285,0,0,0,0,0,0,0,0,0,1,0,0,1,0,0,0,0,0,0,0,0,0,0,0,0,0,0,0,0,0,0,0,0,0,0,0,1,1,0,2,346610.7377,3424458.19,48943,1619726486
283,283,289,0,1,0,0,0,0,0,0,1,2,0,0,0,0,1,0,1,2,1,0,0,2,0,0,0,0,0,0,0,0,0,0,0,0,0,0,4,7,0,11,348766.9061,3489853.533,22391,1435663420
284,284,360,1,0,1,1,0,0,0,0,0,0,1,0,0,0,0,0,0,0,2,0,0,0,0,0,0,0,0,0,0,0,0,0,0,0,0,0,4,2,0,6,81338.57736,3908279.086,49841,1052594255
285,285,18,5,2,5,3,5,1,2,0,1,1,3,1,3,4,5,4,2,5,2,4,3,2,2,1,2,5,4,6,2,4,2,3,2,2,1,2,29,37,35,101,645752.2832,4018612.382,495472,1503282560
286,286,12,2,5,3,7,11,9,11,6,2,4,2,4,3,8,7,11,7,7,6,2,2,3,0,1,1,7,6,7,3,3,3,3,5,3,3,2,66,57,46,169,207055.6231,3773548.738,141161,2738402149
287,287,17,2,3,2,2,1,1,1,2,1,3,6,3,0,0,0,0,0,0,0,0,0,0,0,0,0,0,0,0,0,0,0,0,0,0,0,0,27,0,0,27,216932.7625,3720835.203,43221,1429202663
288,288,15,1,5,2,0,3,1,1,0,0,1,0,0,4,3,1,2,0,1,1,0,1,3,8,4,2,14,18,2,3,4,4,0,1,0,1,0,14,28,49,91,238043.4533,3746533.328,73154,1572921811
289,289,251,15,8,27,33,25,17,2,3,0,8,3,7,0,0,0,0,0,0,0,0,0,0,0,0,0,0,0,0,0,0,0,0,0,0,0,0,148,0,0,148,1349247.689,3916982.131,53582,1809843102
290,290,284,2,1,4,2,0,1,1,2,0,0,0,0,0,0,0,0,0,0,0,0,0,0,0,0,0,0,0,0,0,0,0,0,0,0,0,0,13,0,0,13,362303.6149,3575046.102,50797,2369336561
291,291,359,0,0,0,0,0,0,1,1,1,2,2,2,0,0,0,0,0,0,0,0,0,0,0,0,0,0,0,0,0,0,0,0,0,0,0,0,9,0,0,9,168861.9769,3916402.858,62844,1841217214
292,292,159,0,5,4,2,4,4,0,1,2,4,5,0,4,0,10,4,8,9,3,1,0,0,0,0,1,5,2,2,5,3,7,4,0,0,3,0,31,39,32,102,636020.8685,3568472.007,2174172,15706292070
293,293,181,0,0,0,0,0,0,0,0,0,0,0,0,0,0,0,0,0,0,0,0,0,0,0,0,0,0,0,0,0,0,0,0,0,0,0,0,0,0,0,0,862644.5528,3746223.302,17793,10988621683
294,294,380,0,0,0,0,0,0,0,0,0,0,0,0,0,0,0,0,0,0,0,0,0,0,0,0,0,0,0,0,0,0,0,0,0,0,0,0,0,0,0,0,910561.9666,3419078.618,35295,2098331342
295,295,249,0,0,1,3,0,1,0,1,0,0,0,0,0,1,0,1,0,0,0,0,0,0,0,1,0,0,0,0,0,0,0,0,0,0,0,0,6,3,0,9,1247532.487,4047807.761,58483,1005404162
296,297,232,5,27,25,23,13,13,14,15,11,10,4,19,16,5,13,7,16,13,14,5,9,6,9,10,14,31,32,27,19,46,15,14,6,18,13,11,179,123,246,548,1292965.362,4047806.418,3069941,9444456956
297,298,266,0,6,2,0,0,3,2,0,0,1,0,1,0,1,1,0,4,1,5,0,0,1,2,1,1,6,2,1,6,0,1,0,0,2,1,2,15,16,22,53,275909.5598,3457015.422,1395184,6977191446
298,299,282,0,0,0,0,0,0,0,0,0,0,0,0,0,0,0,0,0,0,0,0,0,0,0,0,0,0,0,0,0,0,0,0,0,0,0,0,0,0,0,0,307165.6784,3488458.857,89160,1403522941
299,300,7,0,0,0,0,0,0,0,0,0,0,0,0,0,0,0,0,0,0,0,0,0,0,0,0,0,0,0,0,0,0,0,0,0,0,0,0,0,0,0,0,506685.4927,3369835.354,20699,1062271324
300,301,6,0,0,0,0,0,0,0,0,0,0,0,0,0,0,0,0,0,0,0,0,0,0,0,0,0,0,0,0,0,0,0,0,0,0,0,0,0,0,0,0,487847.9174,3404388.555,32159,1317548101
301,302,41,0,0,0,0,0,0,0,0,0,0,0,0,0,0,0,0,0,0,0,0,0,0,0,0,0,0,0,0,0,0,0,0,0,0,0,0,0,0,0,0,336438.2949,3801989.368,58262,1365030135
302,303,30,0,0,7,1,1,0,0,0,0,1,0,0,0,0,0,0,0,0,1,1,1,1,1,1,0,0,0,1,0,0,0,0,0,0,0,0,10,6,1,17,671176.5973,4060660.277,73554,279764635.8
303,304,31,5,6,5,4,3,0,1,1,0,1,1,4,4,3,6,2,0,7,1,0,4,2,1,2,0,8,4,7,3,0,0,1,0,3,3,0,31,32,29,92,460207.3558,4070364.91,68323,725281780.1
304,305,19,2,7,6,17,20,15,9,8,1,6,3,1,3,0,4,6,2,3,3,1,7,2,1,0,10,3,2,6,1,6,11,0,3,9,6,2,95,32,59,186,710659.7654,4025403.653,478167,3640959940
305,306,21,0,0,0,2,0,0,0,1,0,0,1,0,0,0,0,0,1,1,2,0,0,0,1,0,0,1,3,2,0,0,0,0,0,1,1,0,4,5,8,17,667502.5831,4038982.686,320741,478542747.7
306,307,29,0,0,0,2,0,0,1,0,0,0,0,2,0,0,1,1,1,0,0,1,3,3,2,0,0,1,0,0,1,1,1,0,0,0,0,0,5,12,4,21,619364.9043,4051948.068,96019,266290842
307,308,28,1,10,3,1,6,5,0,0,1,0,5,3,2,3,2,6,2,12,4,2,2,2,1,0,2,1,4,2,0,10,6,0,2,2,2,7,35,38,38,111,580208.2838,4014697.061,109281,2673411489
308,309,24,0,5,2,2,7,2,3,2,0,0,0,0,2,2,3,0,1,1,4,1,1,6,0,0,0,0,0,0,2,1,0,0,0,0,0,0,23,21,3,47,554273.3113,4032333.204,128467,1681479478
309,310,26,0,6,0,1,0,0,1,16,6,5,1,0,1,3,0,4,4,6,5,0,1,0,1,1,6,0,1,1,0,0,5,0,0,0,0,0,36,26,13,75,518354.2873,4029439.82,122736,1595326241
310,311,36,1,6,7,0,0,3,1,1,0,1,2,1,4,7,0,1,2,3,1,3,0,0,0,0,5,1,2,3,2,0,1,1,2,3,0,0,23,21,20,64,750437.1257,4064576.257,38847,406484548.4
311,312,349,2,3,7,2,3,3,0,1,0,5,6,3,0,0,4,6,0,1,7,1,2,0,2,5,0,1,0,2,4,3,2,0,4,0,0,0,35,28,16,79,441228.9156,3993751.722,93844,1313906611
312,313,346,0,1,0,4,0,6,1,2,5,5,2,2,0,2,1,0,2,1,2,1,0,3,0,0,1,2,0,0,0,1,1,0,0,1,0,0,28,12,6,46,424392.23,4008032.338,203276,464327453.7
313,314,348,3,11,5,6,9,4,2,5,1,15,8,3,5,7,9,3,3,10,3,3,4,2,2,4,8,4,9,4,4,12,7,4,3,6,3,0,72,55,64,191,374377.5114,3955488.732,164723,5674195154
314,315,347,1,5,10,1,0,5,5,6,1,1,1,1,1,3,2,5,4,7,4,7,0,1,4,4,11,9,22,6,2,6,3,2,2,6,1,3,37,42,73,152,368668.856,3986319.012,172949,2590665355
315,316,345,3,5,29,14,16,14,11,15,9,14,9,2,2,13,4,11,6,6,5,5,0,0,2,8,3,3,11,4,0,13,1,5,7,1,4,6,141,62,58,261,397707.2665,4037342.538,566773,5524208142
316,317,350,3,3,4,11,16,5,9,10,4,2,2,10,2,1,4,4,4,7,5,3,5,4,2,2,0,1,12,0,0,2,4,3,2,4,0,2,79,43,30,152,502426.3817,3839361.994,1115672,11526262140
317,318,299,0,0,4,0,0,0,2,0,1,1,0,0,0,2,4,0,1,0,0,0,0,0,0,0,0,4,0,5,0,1,0,0,0,0,2,1,8,7,13,28,803698.3446,3939834.29,86908,14033200888
318,319,298,0,0,2,2,0,4,0,0,4,2,1,1,2,1,0,1,0,0,0,0,0,1,0,0,1,3,1,1,0,1,2,1,1,3,0,0,16,5,14,35,728501.5568,3874634.299,182260,20240368121
319,320,300,2,2,3,2,4,3,3,0,3,2,4,5,2,5,2,1,0,3,0,1,0,0,3,0,0,5,4,6,4,0,0,4,1,4,3,3,33,17,34,84,626470.7879,3865560.215,81324,9511570373
320,321,305,1,2,4,3,3,1,4,0,3,3,0,0,6,13,37,8,2,8,5,4,1,5,4,0,7,14,12,11,1,12,4,0,0,0,0,3,24,93,64,181,1403252.945,3101273.473,219796,20131069906
321,322,309,9,11,25,10,3,2,3,2,2,3,0,0,5,6,29,29,1,3,0,1,0,0,0,3,3,12,7,1,1,2,5,2,1,0,0,0,70,77,34,181,1511694.077,3162196.531,155625,20123354451
322,323,304,2,1,2,0,0,0,4,3,0,0,2,1,2,0,0,0,0,4,0,0,0,0,1,0,0,0,0,1,1,2,0,1,0,0,3,2,15,7,10,32,1451031.499,3453860.618,259365,15044845743
323,324,302,0,0,0,2,1,0,0,0,0,0,0,0,0,0,0,0,0,0,0,0,0,0,1,0,0,0,0,0,0,0,0,0,0,0,0,0,3,1,0,4,1407872.587,3303086.845,660575,36022590058
324,325,311,0,0,0,0,0,0,0,0,0,0,1,0,0,0,0,0,0,0,0,0,1,0,0,0,0,0,0,0,0,1,0,0,0,0,0,0,1,1,1,3,1520520.393,3458435.341,75419,802494744
325,326,307,0,0,0,0,0,0,0,0,0,0,0,0,0,0,0,0,0,0,0,0,0,0,0,0,0,0,0,0,0,0,0,0,0,0,0,0,0,0,0,0,1648138.516,3078943.621,175728,13274401139
326,327,308,0,0,1,1,0,0,0,0,0,0,0,0,0,0,0,0,0,0,0,0,0,0,0,0,0,0,0,0,0,0,0,0,0,0,0,0,2,0,0,2,1537855.562,2968612.812,164557,11146401084
327,328,310,0,0,0,0,0,0,0,0,0,0,0,0,0,0,0,0,0,0,0,0,0,0,0,0,0,0,0,0,0,0,0,0,0,0,0,0,0,0,0,0,1395831.242,2868946.1,82001,8968636891
328,329,313,0,0,1,0,1,0,0,1,0,1,0,1,0,0,0,0,0,0,0,0,0,0,0,0,0,0,0,0,0,0,0,0,0,0,0,1,5,0,1,6,1518917.231,3501168.094,65166,1012401406
329,330,207,0,1,4,0,0,0,0,1,0,0,0,2,0,0,4,0,0,0,0,0,4,2,2,2,1,0,0,1,0,0,0,0,1,1,0,2,8,14,6,28,523126.5937,3937509.554,458688,219874077
330,331,212,1,0,1,1,1,1,0,0,1,0,1,0,0,3,1,1,1,1,0,0,2,1,2,0,0,1,1,4,2,2,0,1,0,1,0,1,7,12,13,32,506508.5617,3928620.831,195917,323472681.5
331,332,209,1,1,1,0,1,2,0,1,0,1,0,2,0,0,2,0,2,0,0,0,2,0,0,0,1,0,1,0,0,0,0,0,4,0,1,5,10,6,12,28,524775.8988,3911098.574,319305,2266349774
332,333,215,1,1,0,0,0,0,0,0,0,0,1,2,0,0,0,0,1,1,1,0,0,2,0,1,0,0,0,0,0,0,0,0,1,1,1,0,5,6,3,14,555124.6236,3974921.928,44061,1188187256
333,334,204,0,0,0,1,0,0,0,1,0,0,0,1,0,3,2,4,0,0,0,1,3,5,0,0,0,0,0,2,0,2,1,0,2,2,0,0,3,18,9,30,502774.0681,3940720.233,624440,386365856.8
334,335,216,0,0,1,0,0,0,0,4,2,3,4,1,0,1,2,2,0,1,1,0,1,1,1,0,1,0,1,5,0,2,2,0,0,0,0,0,15,10,11,36,649950.0638,3952178.082,38712,2383290795
335,336,205,12,11,30,5,20,12,16,11,5,5,8,2,12,18,22,28,7,17,5,27,13,14,14,14,2,3,1,2,0,4,2,4,1,2,0,2,137,191,23,351,568129.885,3891218.891,526294,1893939856
336,337,132,15,11,15,10,14,21,10,7,16,4,15,10,10,20,12,10,3,7,6,6,5,26,12,8,5,12,10,7,6,7,5,4,12,3,11,5,148,125,87,360,-36095.71314,4180640.968,963738,5312104743
337,338,144,1,0,1,2,2,0,0,3,2,1,2,0,3,4,2,2,0,0,2,4,1,2,1,2,9,4,0,1,2,2,0,0,1,0,0,0,14,23,19,56,-28404.46409,4119068.273,70030,1187036800
338,339,135,4,5,5,6,12,6,9,6,5,7,4,0,6,4,16,5,6,5,3,7,10,1,4,2,21,16,18,20,9,17,14,6,7,6,6,4,69,69,144,282,65021.38913,4056674.632,224628,2501761450
339,340,143,2,0,8,3,5,5,8,9,4,4,4,6,6,9,15,5,12,0,0,4,1,3,1,2,4,6,2,9,1,8,0,2,2,6,6,4,58,58,50,166,152838.9555,4047010.342,78122,2175082479
340,341,133,5,17,16,11,29,32,21,24,26,28,24,19,0,14,7,1,6,1,1,19,11,15,15,8,11,12,14,14,2,18,9,12,7,8,0,5,252,98,112,462,-43416.92635,4291425.055,354309,4520765661
341,342,140,3,3,0,0,2,1,0,1,0,0,1,0,1,6,5,5,2,3,2,1,4,1,4,7,2,3,3,1,6,7,4,1,2,3,0,0,11,41,32,84,2002.221923,4023746.129,111590,1385234878
342,343,137,16,12,18,8,12,13,8,10,9,6,7,8,7,7,7,7,3,6,15,5,6,4,5,1,5,11,17,6,4,7,15,0,2,3,4,8,127,73,82,282,-56332.82701,4240312.502,192591,2552807550
343,344,142,7,6,4,7,12,5,8,2,4,4,0,4,7,10,10,11,11,14,9,6,5,7,3,4,12,19,20,10,2,8,3,6,6,5,7,6,63,97,104,264,-51863.27503,4385703.344,88863,1930689277
344,345,136,0,6,9,5,10,11,9,4,0,3,0,5,1,7,11,5,6,5,6,7,7,6,5,0,1,14,2,7,2,9,4,5,3,3,3,3,62,66,56,184,29394.68647,4070236.897,215529,2632417049
345,346,134,18,13,12,10,12,10,7,3,6,10,20,20,6,5,12,5,7,4,5,10,3,2,7,5,23,15,23,11,7,10,8,2,1,5,2,0,141,71,107,319,72490.04645,4106992.376,260628,2173844368
346,347,139,2,12,3,2,8,5,3,2,4,4,1,2,1,2,2,1,2,5,2,5,0,1,2,1,5,3,2,1,3,2,3,4,0,0,3,2,48,24,28,100,5532.609504,4106822.585,121602,1140098164
347,348,138,0,0,0,1,3,1,2,0,0,0,2,2,0,4,0,5,0,0,0,5,0,0,3,0,16,8,3,3,3,7,1,1,0,0,0,0,11,17,42,70,-16198.63326,4075077.068,123639,2177669895
348,349,146,3,3,20,19,25,21,14,0,10,2,3,10,0,1,16,8,3,10,8,3,2,2,1,1,1,3,4,5,5,4,3,4,3,0,0,0,130,55,32,217,-73389.92887,4347978.403,46389,1991065260
349,350,75,1,0,4,3,2,0,9,2,0,1,0,1,0,0,3,0,0,4,0,1,0,0,0,3,2,1,1,0,0,4,1,2,0,0,0,2,23,11,13,47,727391.0159,3442359.098,46662,5356252812
350,351,73,0,0,0,0,1,1,0,0,0,0,0,1,0,0,2,2,2,1,0,1,0,0,0,0,0,0,0,0,0,0,0,0,0,0,0,0,3,8,0,11,853610.6845,3613975.885,77758,23216910004
351,352,78,0,0,0,0,0,0,0,0,1,0,0,0,0,0,5,1,1,1,0,0,0,0,0,0,0,0,0,1,0,1,0,0,1,0,0,1,1,8,4,13,917404.3454,3512028.72,41786,8422638658
352,353,76,0,2,0,1,2,0,0,0,0,0,1,1,1,0,0,0,2,1,1,0,0,0,1,2,0,0,1,0,0,1,0,0,0,0,0,1,7,8,3,18,767447.4735,3483369.129,45145,5834655872
353,354,79,2,1,6,5,11,9,4,2,2,2,1,7,4,4,1,6,3,2,2,1,3,0,0,5,3,4,7,5,1,0,1,2,1,1,1,3,52,31,29,112,811172.3916,3363477.577,35158,8183115324
354,355,80,0,0,7,3,1,1,0,0,0,3,2,0,0,1,1,0,0,0,0,0,1,0,0,0,0,0,2,1,0,1,0,1,0,0,0,0,17,3,5,25,746404.8584,3538612.659,32192,5644011902
355,356,74,1,0,1,0,0,0,0,0,1,0,0,0,0,0,0,0,0,0,0,1,0,0,0,0,4,3,2,2,0,0,2,0,0,0,0,0,3,1,13,17,1042753.666,3699652.827,69658,55412205820
356,357,77,0,0,0,0,0,0,0,1,3,1,1,0,0,0,0,0,0,0,1,0,0,0,1,0,3,2,4,4,0,1,2,0,0,0,0,0,6,2,16,24,846812.3403,3473761.445,44126,6772818317
357,358,72,0,0,8,0,0,0,0,0,0,0,0,0,0,0,1,2,0,0,0,0,0,0,0,0,0,0,0,0,0,0,0,2,1,0,0,0,8,3,3,14,778898.0686,3569216.778,82840,1232674979
358,359,71,4,3,9,5,9,1,1,3,0,1,1,1,6,4,4,11,2,7,0,6,0,2,6,7,6,3,8,4,3,7,8,5,5,0,7,1,38,55,57,150,832560.4396,3538469.009,582682,2484449619
359,360,292,0,3,4,3,3,5,2,1,0,0,1,0,2,1,0,1,5,0,0,3,0,0,0,2,0,0,0,0,0,0,2,0,1,0,1,0,22,14,4,40,323037.5093,4016877.974,169176,2878601280
360,361,296,2,0,1,0,0,1,0,0,0,0,0,3,0,0,1,0,0,0,0,1,0,0,0,0,0,0,0,0,0,2,0,0,0,0,0,0,7,2,2,11,248581.5845,4025819.488,38416,1858689949
361,362,291,14,12,25,16,25,13,12,10,13,9,10,7,8,17,11,21,11,15,13,13,16,16,7,8,25,28,21,24,12,22,17,12,9,12,15,14,166,156,211,533,273063.3902,3985663.597,196553,5168000180
362,363,293,0,1,0,0,0,0,1,0,3,1,0,0,1,4,1,1,0,1,0,1,1,1,0,0,0,1,3,0,1,0,0,2,1,0,2,3,6,11,13,30,333934.0561,4015356.29,65166,459510313.9
363,364,290,2,2,4,5,3,4,8,4,3,2,3,2,3,1,4,1,4,1,3,2,1,1,0,1,0,1,0,0,0,0,0,0,2,0,0,0,42,22,3,67,252129.0662,4081443.556,486495,6471238851
364,365,294,2,7,8,3,7,9,4,3,1,2,1,0,2,1,1,2,1,1,0,0,0,1,1,6,0,1,0,1,0,3,0,0,1,0,0,0,47,16,6,69,311200.4576,4091069.853,46616,2029172912
365,366,32,1,0,1,3,2,2,1,1,0,1,2,1,0,4,1,2,2,5,3,2,0,1,0,0,1,1,1,3,0,3,1,0,0,0,0,1,15,20,11,46,673056.5695,3997201.362,64378,2131460024
366,367,27,3,5,5,5,11,4,5,6,2,2,0,0,3,4,14,5,3,7,2,3,3,2,4,1,5,2,3,6,3,4,1,1,1,3,2,4,48,51,35,134,728022.1826,4044866.977,111944,1325797830
367,368,306,4,1,1,0,1,0,0,1,1,0,0,0,1,0,0,0,0,0,3,0,3,1,2,0,0,0,0,0,0,0,0,0,0,0,0,1,9,10,1,20,1394248.463,2952830.098,212936,20409919009
368,369,303,0,0,0,0,0,0,0,0,0,0,0,0,0,0,0,0,0,0,0,0,0,0,0,0,0,0,0,0,0,0,0,0,0,0,0,0,0,0,0,0,1524102.973,2871571.275,264051,9739043765
369,370,141,9,15,8,9,12,8,10,4,4,3,5,4,3,4,24,31,11,20,20,13,8,6,7,10,5,1,5,14,4,7,5,2,1,4,0,1,91,157,49,297,110724.2453,4067922.725,91113,2255809857
370,371,295,0,0,1,0,1,0,0,2,0,0,2,0,0,0,1,4,0,0,1,1,1,0,0,0,0,2,4,5,2,5,1,0,0,2,0,2,6,8,23,37,194454.0029,4061063.641,40312,2908072396
371,372,297,4,4,12,9,5,3,4,2,6,4,1,2,7,6,2,10,3,11,5,2,4,4,2,1,2,24,18,15,17,1,2,2,1,3,0,3,56,57,88,201,923966.0157,3952574.458,238830,51761910890
372,373,210,0,1,0,1,1,0,1,0,0,0,1,0,1,0,0,0,0,0,0,0,3,2,1,0,1,1,0,1,4,3,5,2,0,4,0,0,5,7,21,33,570634.3397,3923328.957,291397,589211936.2
373,374,33,0,0,0,0,0,1,0,0,0,0,0,0,0,1,0,0,1,0,0,1,0,0,0,0,0,0,0,0,0,0,0,0,0,0,0,0,1,3,0,4,636669.0635,4056466.736,57980,96951406.88
374,375,301,0,0,2,0,1,1,0,0,0,0,0,0,0,0,0,0,2,6,0,1,0,2,0,0,0,0,0,0,0,0,0,0,0,0,0,0,4,11,0,15,716559.4902,3974201.274,41896,1943759867
375,376,314,1,3,3,4,2,1,1,1,2,1,2,4,0,0,0,0,0,0,0,0,0,0,0,0,0,0,0,0,0,0,0,0,0,0,0,0,25,0,0,25,1322822.519,3059910.652,62813,11534065995
376,377,315,0,0,0,0,0,0,0,0,0,0,0,0,2,0,0,0,4,0,0,0,0,0,1,0,0,0,0,0,0,0,0,0,0,0,0,0,0,7,0,7,1561294.415,3028903.451,62765,6418572690
377,378,208,1,0,3,1,0,0,0,0,0,0,0,0,0,0,0,0,0,0,0,0,0,0,0,0,0,0,0,0,0,0,0,0,0,0,0,0,5,0,0,5,472796.141,3941240.719,373994,896006389.2
378,379,145,0,0,0,0,0,0,1,0,1,1,0,1,0,0,0,0,0,0,0,0,0,0,0,0,0,0,0,0,0,0,0,0,0,0,0,0,4,0,0,4,-32749.66598,4350205.689,52519,930972489.3
379,380,148,0,0,0,0,0,0,3,2,1,4,3,6,0,0,0,0,0,0,0,0,0,0,0,0,0,0,0,0,0,0,0,0,0,0,0,0,19,0,0,19,-10337.86615,4355609.03,42071,1507869377
380,381,147,1,2,3,5,3,1,4,2,1,5,3,0,0,0,0,0,0,0,0,0,0,0,0,0,0,0,0,0,0,0,0,0,0,0,0,0,30,0,0,30,-18485.24261,4320463.124,43206,1036161255
381,382,81,0,0,0,1,0,0,0,0,1,0,0,0,0,0,0,0,0,0,0,0,0,0,0,0,0,0,0,0,0,0,0,0,0,0,0,0,2,0,0,2,986113.9736,3553311.615,15331,6725125900
382,383,312,0,0,0,0,0,0,0,0,0,0,0,0,0,0,0,0,0,0,0,0,0,0,0,0,0,0,0,0,0,0,0,0,0,0,0,0,0,0,0,0,1579568.295,3068745.717,73189,7157483274
383,384,35,0,0,0,0,0,0,0,0,0,0,0,0,0,0,0,0,0,0,0,0,0,0,0,0,0,0,0,0,0,0,0,0,0,0,0,0,0,0,0,0,514212.4941,4055670.323,47591,307490831.1
384,385,203,3,3,3,8,2,2,3,6,7,2,2,2,0,2,7,4,4,3,2,17,1,0,2,3,3,7,6,7,9,4,3,1,3,4,0,2,43,45,49,137,543253.7379,3953329.15,8293140,1621730519
385,386,213,0,2,2,1,2,1,0,0,1,0,0,0,0,0,3,1,0,1,1,0,0,0,0,0,0,5,0,0,1,0,0,0,0,0,1,1,9,6,8,23,606177.2115,3942786.975,100690,1865885649
386,387,211,0,0,0,2,1,1,0,1,2,1,1,2,0,0,0,0,0,0,0,0,0,0,0,0,0,0,0,0,0,0,0,0,0,0,0,0,11,0,0,11,510205.0292,3951160.716,290633,58098504.62